Title,URL,Image URL,Price,Rating,Reviews,Badge,Sponsored,Brand
Storio Toy Octopus Plushie Reversible Soft Toys for Kids | Plush Soft Toys for Baby Boys and Girls| Best Gift | Octopus Soft Toy for Kids -PurplePink,https://www.amazon.in/Storio-Octopus-Plushie-Reversible-Plush/dp/B0D6Z1YPTZ/ref=sr_1_1?dib=eyJ2IjoiMSJ9.E6Z5MwHloRsESI6VE7xAHuxplvosVl0e-F_BzMt1MTBMX-2rEkogQzBj10PRm4Yxsjm5xZAWXtvUnjzdpYIk1AXtYMAAtM8AQpeNreIJ_OopHsgAMG7SHj2QyAd492L0U2x8VmmxYL5i6FwjbOGgbBcidqOrGd1iKgkNcF8_oj66aDkRiLWwcaAhXgBTotrqvzuK-VmE0fyR2gUa6aoql_wjhyeSA0t9127W3olBAf1FuPFKtZxUrZM122TZWS6wovNM4GW7xRgMPkz5nOB8FKUrjN6Ym-Gt5rx22TYjVx8.aU9mxNsCG6gw06Q4KrJ18kEGt47qvoIadjPrDvpnYFs&dib_tag=se&keywords=soft+toys&qid=1744126406&sr=8-1,https://m.media-amazon.com/images/I/51nqXz7iWrL._AC_UL320_.jpg,178,4.2,1565,Best seller,False,Storio
Babique Dog Sitting Plush Soft Toy Cute Kids Animal Home Decor Boys/Girls White (25 cm),https://www.amazon.in/Babique-Sitting-Plush-Animal-Decor/dp/B0B2F8XS9L/ref=sr_1_2?dib=eyJ2IjoiMSJ9.E6Z5MwHloRsESI6VE7xAHuxplvosVl0e-F_BzMt1MTBMX-2rEkogQzBj10PRm4Yxsjm5xZAWXtvUnjzdpYIk1AXtYMAAtM8AQpeNreIJ_OopHsgAMG7SHj2QyAd492L0U2x8VmmxYL5i6FwjbOGgbBcidqOrGd1iKgkNcF8_oj66aDkRiLWwcaAhXgBTotrqvzuK-VmE0fyR2gUa6aoql_wjhyeSA0t9127W3olBAf1FuPFKtZxUrZM122TZWS6wovNM4GW7xRgMPkz5nOB8FKUrjN6Ym-Gt5rx22TYjVx8.aU9mxNsCG6gw06Q4KrJ18kEGt47qvoIadjPrDvpnYFs&dib_tag=se&keywords=soft+toys&qid=1744126406&sr=8-2,https://m.media-amazon.com/images/I/51h6wRH0lpL._AC_UL320_.jpg,170,4.0,1233,Limited time deal,False,Babique
"Niku Rabbit with Chain Reversible Bunny Rabbit Soft Stuffed Toys for Girls Boys Baby Kids | Doll, Teddy Bear plushies, Animal Toy | Strawberry/Carrot Shaped Pink Colour | Valentine's Gift",https://www.amazon.in/Niku-Reversible-Stuffed-plushies-Strawberry/dp/B0CPVNTZ4K/ref=sr_1_3?dib=eyJ2IjoiMSJ9.E6Z5MwHloRsESI6VE7xAHuxplvosVl0e-F_BzMt1MTBMX-2rEkogQzBj10PRm4Yxsjm5xZAWXtvUnjzdpYIk1AXtYMAAtM8AQpeNreIJ_OopHsgAMG7SHj2QyAd492L0U2x8VmmxYL5i6FwjbOGgbBcidqOrGd1iKgkNcF8_oj66aDkRiLWwcaAhXgBTotrqvzuK-VmE0fyR2gUa6aoql_wjhyeSA0t9127W3olBAf1FuPFKtZxUrZM122TZWS6wovNM4GW7xRgMPkz5nOB8FKUrjN6Ym-Gt5rx22TYjVx8.aU9mxNsCG6gw06Q4KrJ18kEGt47qvoIadjPrDvpnYFs&dib_tag=se&keywords=soft+toys&qid=1744126406&sr=8-3,https://m.media-amazon.com/images/I/613ls1KV-HL._AC_UL320_.jpg,351,4.1,622,,False,Niku
Babique Cat Flower Plush Soft Toy Cute Kids Animal Home Decor Boys/Girls (Pack of 1)(25 cm),https://www.amazon.in/Babique-Flower-Plush-Animal-Decor/dp/B0BFNYP192/ref=sr_1_4?dib=eyJ2IjoiMSJ9.E6Z5MwHloRsESI6VE7xAHuxplvosVl0e-F_BzMt1MTBMX-2rEkogQzBj10PRm4Yxsjm5xZAWXtvUnjzdpYIk1AXtYMAAtM8AQpeNreIJ_OopHsgAMG7SHj2QyAd492L0U2x8VmmxYL5i6FwjbOGgbBcidqOrGd1iKgkNcF8_oj66aDkRiLWwcaAhXgBTotrqvzuK-VmE0fyR2gUa6aoql_wjhyeSA0t9127W3olBAf1FuPFKtZxUrZM122TZWS6wovNM4GW7xRgMPkz5nOB8FKUrjN6Ym-Gt5rx22TYjVx8.aU9mxNsCG6gw06Q4KrJ18kEGt47qvoIadjPrDvpnYFs&dib_tag=se&keywords=soft+toys&qid=1744126406&sr=8-4,https://m.media-amazon.com/images/I/61QnIuUiOgL._AC_UL320_.jpg,217,4.0,1210,,False,Babique
"Babique Elephant Sitting Plush Soft Toy Cute Kids Animal Home Decor Boys/Girls (Blue, 30 cm)",https://www.amazon.in/Babique-Elephant-Sitting-Plush-Animal/dp/B0BD5TR6FD/ref=sr_1_5?dib=eyJ2IjoiMSJ9.E6Z5MwHloRsESI6VE7xAHuxplvosVl0e-F_BzMt1MTBMX-2rEkogQzBj10PRm4Yxsjm5xZAWXtvUnjzdpYIk1AXtYMAAtM8AQpeNreIJ_OopHsgAMG7SHj2QyAd492L0U2x8VmmxYL5i6FwjbOGgbBcidqOrGd1iKgkNcF8_oj66aDkRiLWwcaAhXgBTotrqvzuK-VmE0fyR2gUa6aoql_wjhyeSA0t9127W3olBAf1FuPFKtZxUrZM122TZWS6wovNM4GW7xRgMPkz5nOB8FKUrjN6Ym-Gt5rx22TYjVx8.aU9mxNsCG6gw06Q4KrJ18kEGt47qvoIadjPrDvpnYFs&dib_tag=se&keywords=soft+toys&qid=1744126406&sr=8-5,https://m.media-amazon.com/images/I/71sh-Yt3EmL._AC_UL320_.jpg,250,4.4,1189,,False,Babique
"Babique Unicorn Teddy Bear Plush Soft Toy Cute Kids Birthday Animal Baby Boys/Girls (25 cm, Pink)",https://www.amazon.in/Babique-Unicorn-Stuffed-Plush-Birthday/dp/B08LTGVND9/ref=sr_1_6?dib=eyJ2IjoiMSJ9.E6Z5MwHloRsESI6VE7xAHuxplvosVl0e-F_BzMt1MTBMX-2rEkogQzBj10PRm4Yxsjm5xZAWXtvUnjzdpYIk1AXtYMAAtM8AQpeNreIJ_OopHsgAMG7SHj2QyAd492L0U2x8VmmxYL5i6FwjbOGgbBcidqOrGd1iKgkNcF8_oj66aDkRiLWwcaAhXgBTotrqvzuK-VmE0fyR2gUa6aoql_wjhyeSA0t9127W3olBAf1FuPFKtZxUrZM122TZWS6wovNM4GW7xRgMPkz5nOB8FKUrjN6Ym-Gt5rx22TYjVx8.aU9mxNsCG6gw06Q4KrJ18kEGt47qvoIadjPrDvpnYFs&dib_tag=se&keywords=soft+toys&qid=1744126406&sr=8-6,https://m.media-amazon.com/images/I/51C5TrSt-GL._AC_UL320_.jpg,156,4.2,9322,,False,Babique
"Babique Unicorn Teddy Bear Plush Soft Toy Cute Kids Birthday Animal Baby Boys/Girls (25 Cm, Yellow)",https://www.amazon.in/Babique-Unicorn-Stuffed-Birthday-Yellow/dp/B08LTGRJSV/ref=sr_1_7?dib=eyJ2IjoiMSJ9.E6Z5MwHloRsESI6VE7xAHuxplvosVl0e-F_BzMt1MTBMX-2rEkogQzBj10PRm4Yxsjm5xZAWXtvUnjzdpYIk1AXtYMAAtM8AQpeNreIJ_OopHsgAMG7SHj2QyAd492L0U2x8VmmxYL5i6FwjbOGgbBcidqOrGd1iKgkNcF8_oj66aDkRiLWwcaAhXgBTotrqvzuK-VmE0fyR2gUa6aoql_wjhyeSA0t9127W3olBAf1FuPFKtZxUrZM122TZWS6wovNM4GW7xRgMPkz5nOB8FKUrjN6Ym-Gt5rx22TYjVx8.aU9mxNsCG6gw06Q4KrJ18kEGt47qvoIadjPrDvpnYFs&dib_tag=se&keywords=soft+toys&qid=1744126406&sr=8-7,https://m.media-amazon.com/images/I/51AWNa6+TOL._AC_UL320_.jpg,162,4.1,4668,Limited time deal,False,Babique
"Babique Rabbit Plush Cute Rabbit Soft Toys Animal Home Decor Baby/Boys/Girls (Pink, 26 cm)",https://www.amazon.in/Babique-Rabbit-Stuffed-Plush-Birthday/dp/B08LTGCVQT/ref=sr_1_8?dib=eyJ2IjoiMSJ9.E6Z5MwHloRsESI6VE7xAHuxplvosVl0e-F_BzMt1MTBMX-2rEkogQzBj10PRm4Yxsjm5xZAWXtvUnjzdpYIk1AXtYMAAtM8AQpeNreIJ_OopHsgAMG7SHj2QyAd492L0U2x8VmmxYL5i6FwjbOGgbBcidqOrGd1iKgkNcF8_oj66aDkRiLWwcaAhXgBTotrqvzuK-VmE0fyR2gUa6aoql_wjhyeSA0t9127W3olBAf1FuPFKtZxUrZM122TZWS6wovNM4GW7xRgMPkz5nOB8FKUrjN6Ym-Gt5rx22TYjVx8.aU9mxNsCG6gw06Q4KrJ18kEGt47qvoIadjPrDvpnYFs&dib_tag=se&keywords=soft+toys&qid=1744126406&sr=8-8,https://m.media-amazon.com/images/I/513NwwpIBqL._AC_UL320_.jpg,169,3.9,651,,False,Babique
Storio Toy Super Cute Plushie Soft Toys for Kids | Plush Soft Toys for Baby Boys and Girls Kids -Reversible Rabbit | Best Valentine Gift,https://www.amazon.in/Storio-Plushie-Reversible-Rabbit-Valentine/dp/B0CQG947NZ/ref=sr_1_9?dib=eyJ2IjoiMSJ9.E6Z5MwHloRsESI6VE7xAHuxplvosVl0e-F_BzMt1MTBMX-2rEkogQzBj10PRm4Yxsjm5xZAWXtvUnjzdpYIk1AXtYMAAtM8AQpeNreIJ_OopHsgAMG7SHj2QyAd492L0U2x8VmmxYL5i6FwjbOGgbBcidqOrGd1iKgkNcF8_oj66aDkRiLWwcaAhXgBTotrqvzuK-VmE0fyR2gUa6aoql_wjhyeSA0t9127W3olBAf1FuPFKtZxUrZM122TZWS6wovNM4GW7xRgMPkz5nOB8FKUrjN6Ym-Gt5rx22TYjVx8.aU9mxNsCG6gw06Q4KrJ18kEGt47qvoIadjPrDvpnYFs&dib_tag=se&keywords=soft+toys&qid=1744126406&sr=8-9,https://m.media-amazon.com/images/I/51XjmK41FjL._AC_UL320_.jpg,298,4.2,1565,Best seller,False,Storio
"Webby Plush Husky Dog Stuffed Animal Puppy Soft Toy, Adorable Gifts for Kids and Adult, Glitter Eyes Soft Toy, 35CM (Grey)",https://www.amazon.in/Webby-Plush-Stuffed-Animal-Adorable/dp/B0B42TFR9D/ref=sr_1_10?dib=eyJ2IjoiMSJ9.E6Z5MwHloRsESI6VE7xAHuxplvosVl0e-F_BzMt1MTBMX-2rEkogQzBj10PRm4Yxsjm5xZAWXtvUnjzdpYIk1AXtYMAAtM8AQpeNreIJ_OopHsgAMG7SHj2QyAd492L0U2x8VmmxYL5i6FwjbOGgbBcidqOrGd1iKgkNcF8_oj66aDkRiLWwcaAhXgBTotrqvzuK-VmE0fyR2gUa6aoql_wjhyeSA0t9127W3olBAf1FuPFKtZxUrZM122TZWS6wovNM4GW7xRgMPkz5nOB8FKUrjN6Ym-Gt5rx22TYjVx8.aU9mxNsCG6gw06Q4KrJ18kEGt47qvoIadjPrDvpnYFs&dib_tag=se&keywords=soft+toys&qid=1744126406&sr=8-10,https://m.media-amazon.com/images/I/71A-WPv5q-L._AC_UL320_.jpg,410,4.5,897,Limited time deal,False,Webby
Amazon Brand - Jam & Honey Soft Penguin Plush Toy for Kids | Soft Toy for Boys and Girls | Super-Soft and Safe| Ideal for Gifting | Height 17 cm | Black and White,https://www.amazon.in/Amazon-Brand-Penguin-Super-Soft-Birthday/dp/B0C46HFZX6/ref=sr_1_11?dib=eyJ2IjoiMSJ9.E6Z5MwHloRsESI6VE7xAHuxplvosVl0e-F_BzMt1MTBMX-2rEkogQzBj10PRm4Yxsjm5xZAWXtvUnjzdpYIk1AXtYMAAtM8AQpeNreIJ_OopHsgAMG7SHj2QyAd492L0U2x8VmmxYL5i6FwjbOGgbBcidqOrGd1iKgkNcF8_oj66aDkRiLWwcaAhXgBTotrqvzuK-VmE0fyR2gUa6aoql_wjhyeSA0t9127W3olBAf1FuPFKtZxUrZM122TZWS6wovNM4GW7xRgMPkz5nOB8FKUrjN6Ym-Gt5rx22TYjVx8.aU9mxNsCG6gw06Q4KrJ18kEGt47qvoIadjPrDvpnYFs&dib_tag=se&keywords=soft+toys&qid=1744126406&sr=8-11,https://m.media-amazon.com/images/I/61A2ddWFQxL._AC_UL320_.jpg,198,4.4,13137,Ends in 02:41:19,False,Amazon
SCOOBA Super Soft 30cm Small White Color Cow Soft Toy - Polyfill Washable Cuddly Soft Plush Toy - Helps to Learn Role Play,https://www.amazon.in/SCOOBA-Super-Soft-30cm-Small/dp/B08SWP7FTB/ref=sr_1_12?dib=eyJ2IjoiMSJ9.E6Z5MwHloRsESI6VE7xAHuxplvosVl0e-F_BzMt1MTBMX-2rEkogQzBj10PRm4Yxsjm5xZAWXtvUnjzdpYIk1AXtYMAAtM8AQpeNreIJ_OopHsgAMG7SHj2QyAd492L0U2x8VmmxYL5i6FwjbOGgbBcidqOrGd1iKgkNcF8_oj66aDkRiLWwcaAhXgBTotrqvzuK-VmE0fyR2gUa6aoql_wjhyeSA0t9127W3olBAf1FuPFKtZxUrZM122TZWS6wovNM4GW7xRgMPkz5nOB8FKUrjN6Ym-Gt5rx22TYjVx8.aU9mxNsCG6gw06Q4KrJ18kEGt47qvoIadjPrDvpnYFs&dib_tag=se&keywords=soft+toys&qid=1744126406&sr=8-12,https://m.media-amazon.com/images/I/51y39ofWmfL._AC_UL320_.jpg,379,4.2,575,Limited time deal,False,SCOOBA
Babique Pluto Sitting Plush Soft Toy Cute Kids Animal Home Decor Boys/Girls (30 Cm),https://www.amazon.in/Babique-Pluto-Stuffed-Plush-Yellow/dp/B07ZJG1FGL/ref=sr_1_13?dib=eyJ2IjoiMSJ9.E6Z5MwHloRsESI6VE7xAHuxplvosVl0e-F_BzMt1MTBMX-2rEkogQzBj10PRm4Yxsjm5xZAWXtvUnjzdpYIk1AXtYMAAtM8AQpeNreIJ_OopHsgAMG7SHj2QyAd492L0U2x8VmmxYL5i6FwjbOGgbBcidqOrGd1iKgkNcF8_oj66aDkRiLWwcaAhXgBTotrqvzuK-VmE0fyR2gUa6aoql_wjhyeSA0t9127W3olBAf1FuPFKtZxUrZM122TZWS6wovNM4GW7xRgMPkz5nOB8FKUrjN6Ym-Gt5rx22TYjVx8.aU9mxNsCG6gw06Q4KrJ18kEGt47qvoIadjPrDvpnYFs&dib_tag=se&keywords=soft+toys&qid=1744126406&sr=8-13,https://m.media-amazon.com/images/I/61val7qNvyL._AC_UL320_.jpg,307,4.2,2320,,False,Babique
HUG 'n' FEEL SOFT TOYS Random Color Baby Penguin Soft Toy 25 cm,https://www.amazon.in/HUG-FEEL-SOFT-TOYS-Penguin/dp/B0CW1VMD99/ref=sr_1_14?dib=eyJ2IjoiMSJ9.E6Z5MwHloRsESI6VE7xAHuxplvosVl0e-F_BzMt1MTBMX-2rEkogQzBj10PRm4Yxsjm5xZAWXtvUnjzdpYIk1AXtYMAAtM8AQpeNreIJ_OopHsgAMG7SHj2QyAd492L0U2x8VmmxYL5i6FwjbOGgbBcidqOrGd1iKgkNcF8_oj66aDkRiLWwcaAhXgBTotrqvzuK-VmE0fyR2gUa6aoql_wjhyeSA0t9127W3olBAf1FuPFKtZxUrZM122TZWS6wovNM4GW7xRgMPkz5nOB8FKUrjN6Ym-Gt5rx22TYjVx8.aU9mxNsCG6gw06Q4KrJ18kEGt47qvoIadjPrDvpnYFs&dib_tag=se&keywords=soft+toys&qid=1744126406&sr=8-14,https://m.media-amazon.com/images/I/511I9BYWonL._AC_UL320_.jpg,299,4.0,34090,Limited time deal,False,HUG
"Babique Plush Soft Toy Cute Kids Animal Home Decor Boys/Girls/Baby (28 Cm, Monkey)",https://www.amazon.in/Babique-Sitting-Monkey-Plush-Animal/dp/B08L21WXD8/ref=sr_1_15?dib=eyJ2IjoiMSJ9.E6Z5MwHloRsESI6VE7xAHuxplvosVl0e-F_BzMt1MTBMX-2rEkogQzBj10PRm4Yxsjm5xZAWXtvUnjzdpYIk1AXtYMAAtM8AQpeNreIJ_OopHsgAMG7SHj2QyAd492L0U2x8VmmxYL5i6FwjbOGgbBcidqOrGd1iKgkNcF8_oj66aDkRiLWwcaAhXgBTotrqvzuK-VmE0fyR2gUa6aoql_wjhyeSA0t9127W3olBAf1FuPFKtZxUrZM122TZWS6wovNM4GW7xRgMPkz5nOB8FKUrjN6Ym-Gt5rx22TYjVx8.aU9mxNsCG6gw06Q4KrJ18kEGt47qvoIadjPrDvpnYFs&dib_tag=se&keywords=soft+toys&qid=1744126406&sr=8-15,https://m.media-amazon.com/images/I/613HNieYoxL._AC_UL320_.jpg,179,4.2,3412,Limited time deal,False,Babique
"Future Shop Pack of 4 Panda, Squirrel, Griffe & Pink Dolphine. Best Soft Combo Toys Toy for Cute Kids Baby Boys/Girls Animal Stuffed Plush Toy Teddy Bear for Kids.",https://www.amazon.in/Future-Shop-Squirrel-Dolphine-Friendly/dp/B0C1NPYZB4/ref=sr_1_16?dib=eyJ2IjoiMSJ9.E6Z5MwHloRsESI6VE7xAHuxplvosVl0e-F_BzMt1MTBMX-2rEkogQzBj10PRm4Yxsjm5xZAWXtvUnjzdpYIk1AXtYMAAtM8AQpeNreIJ_OopHsgAMG7SHj2QyAd492L0U2x8VmmxYL5i6FwjbOGgbBcidqOrGd1iKgkNcF8_oj66aDkRiLWwcaAhXgBTotrqvzuK-VmE0fyR2gUa6aoql_wjhyeSA0t9127W3olBAf1FuPFKtZxUrZM122TZWS6wovNM4GW7xRgMPkz5nOB8FKUrjN6Ym-Gt5rx22TYjVx8.aU9mxNsCG6gw06Q4KrJ18kEGt47qvoIadjPrDvpnYFs&dib_tag=se&keywords=soft+toys&qid=1744126406&sr=8-16,https://m.media-amazon.com/images/I/41CB-Bd3k3L._AC_UL320_.jpg,449,4.1,467,,False,Future
"HUG 'n' FEEL SOFT TOYS Long Soft Lovable Huggable Cute Giant Life Size Teddy Bear Plush & Stuffed Toys (35cm, Avocado)",https://www.amazon.in/HUG-FEEL-SOFT-TOYS-Huggable/dp/B0BLCLG8XJ/ref=sr_1_17?dib=eyJ2IjoiMSJ9.E6Z5MwHloRsESI6VE7xAHuxplvosVl0e-F_BzMt1MTBMX-2rEkogQzBj10PRm4Yxsjm5xZAWXtvUnjzdpYIk1AXtYMAAtM8AQpeNreIJ_OopHsgAMG7SHj2QyAd492L0U2x8VmmxYL5i6FwjbOGgbBcidqOrGd1iKgkNcF8_oj66aDkRiLWwcaAhXgBTotrqvzuK-VmE0fyR2gUa6aoql_wjhyeSA0t9127W3olBAf1FuPFKtZxUrZM122TZWS6wovNM4GW7xRgMPkz5nOB8FKUrjN6Ym-Gt5rx22TYjVx8.aU9mxNsCG6gw06Q4KrJ18kEGt47qvoIadjPrDvpnYFs&dib_tag=se&keywords=soft+toys&qid=1744126406&sr=8-17,https://m.media-amazon.com/images/I/41DX4usBUXL._AC_UL320_.jpg,399,4.0,34090,Limited time deal,False,HUG
"Niku Doll (30cm, Pink) | Soft Plush Doll Toy with Rabbit Ear, Teddy Bear, Best Gift Toy and Pillow for Kids, Girls and Adults | Valentines",https://www.amazon.in/Niku-Super-Rabbit-Pillow-Adults/dp/B0CR886N1T/ref=sr_1_18?dib=eyJ2IjoiMSJ9.E6Z5MwHloRsESI6VE7xAHuxplvosVl0e-F_BzMt1MTBMX-2rEkogQzBj10PRm4Yxsjm5xZAWXtvUnjzdpYIk1AXtYMAAtM8AQpeNreIJ_OopHsgAMG7SHj2QyAd492L0U2x8VmmxYL5i6FwjbOGgbBcidqOrGd1iKgkNcF8_oj66aDkRiLWwcaAhXgBTotrqvzuK-VmE0fyR2gUa6aoql_wjhyeSA0t9127W3olBAf1FuPFKtZxUrZM122TZWS6wovNM4GW7xRgMPkz5nOB8FKUrjN6Ym-Gt5rx22TYjVx8.aU9mxNsCG6gw06Q4KrJ18kEGt47qvoIadjPrDvpnYFs&dib_tag=se&keywords=soft+toys&qid=1744126406&sr=8-18,https://m.media-amazon.com/images/I/51iaZJwi7yL._AC_UL320_.jpg,325,4.1,622,Limited time deal,False,Niku
Babique Nemo Fish Toy Plush Soft Toy Cute Kids Animal Home Decor Boys/Girls -Orange (25 cm),https://www.amazon.in/Babique-Plush-Animal-Decor-Orange/dp/B0CBZ6KL29/ref=sr_1_19?dib=eyJ2IjoiMSJ9.E6Z5MwHloRsESI6VE7xAHuxplvosVl0e-F_BzMt1MTBMX-2rEkogQzBj10PRm4Yxsjm5xZAWXtvUnjzdpYIk1AXtYMAAtM8AQpeNreIJ_OopHsgAMG7SHj2QyAd492L0U2x8VmmxYL5i6FwjbOGgbBcidqOrGd1iKgkNcF8_oj66aDkRiLWwcaAhXgBTotrqvzuK-VmE0fyR2gUa6aoql_wjhyeSA0t9127W3olBAf1FuPFKtZxUrZM122TZWS6wovNM4GW7xRgMPkz5nOB8FKUrjN6Ym-Gt5rx22TYjVx8.aU9mxNsCG6gw06Q4KrJ18kEGt47qvoIadjPrDvpnYFs&dib_tag=se&keywords=soft+toys&qid=1744126406&sr=8-19,https://m.media-amazon.com/images/I/511vEf27jFL._AC_UL320_.jpg,209,4.2,141,Limited time deal,False,Babique
Storio Toy Plushie Super Soft Toys for Kids | Adorable Plush Soft Toys for Baby Boys and Girls Kids - Penguine Black & White,https://www.amazon.in/Storio-Plushie-Super-Adorable-Plush/dp/B0CQG83Q12/ref=sr_1_20?dib=eyJ2IjoiMSJ9.E6Z5MwHloRsESI6VE7xAHuxplvosVl0e-F_BzMt1MTBMX-2rEkogQzBj10PRm4Yxsjm5xZAWXtvUnjzdpYIk1AXtYMAAtM8AQpeNreIJ_OopHsgAMG7SHj2QyAd492L0U2x8VmmxYL5i6FwjbOGgbBcidqOrGd1iKgkNcF8_oj66aDkRiLWwcaAhXgBTotrqvzuK-VmE0fyR2gUa6aoql_wjhyeSA0t9127W3olBAf1FuPFKtZxUrZM122TZWS6wovNM4GW7xRgMPkz5nOB8FKUrjN6Ym-Gt5rx22TYjVx8.aU9mxNsCG6gw06Q4KrJ18kEGt47qvoIadjPrDvpnYFs&dib_tag=se&keywords=soft+toys&qid=1744126406&sr=8-20,https://m.media-amazon.com/images/I/61ocDqkDeML._AC_UL320_.jpg,188,4.2,1565,Best seller,False,Storio
Babique Cow Tremp Plush Soft Toy Cute Kids Animal Home Decor Boys/Girls (Pack of 1)(30 cm),https://www.amazon.in/Babique-Tremp-Plush-Animal-Decor/dp/B0BFNNS31H/ref=sr_1_21?dib=eyJ2IjoiMSJ9.E6Z5MwHloRsESI6VE7xAHuxplvosVl0e-F_BzMt1MTBMX-2rEkogQzBj10PRm4Yxsjm5xZAWXtvUnjzdpYIk1AXtYMAAtM8AQpeNreIJ_OopHsgAMG7SHj2QyAd492L0U2x8VmmxYL5i6FwjbOGgbBcidqOrGd1iKgkNcF8_oj66aDkRiLWwcaAhXgBTotrqvzuK-VmE0fyR2gUa6aoql_wjhyeSA0t9127W3olBAf1FuPFKtZxUrZM122TZWS6wovNM4GW7xRgMPkz5nOB8FKUrjN6Ym-Gt5rx22TYjVx8.aU9mxNsCG6gw06Q4KrJ18kEGt47qvoIadjPrDvpnYFs&dib_tag=se&keywords=soft+toys&qid=1744126406&sr=8-21,https://m.media-amazon.com/images/I/71haBHpt8wL._AC_UL320_.jpg,319,4.4,603,Limited time deal,False,Babique
Richy Toys White Dog Cute Plush Soft Toys for Kids Birthday Gift 26 cm,https://www.amazon.in/Babique-Cute-White-Animal-Birthday/dp/B06XH1TDRR/ref=sr_1_22?dib=eyJ2IjoiMSJ9.E6Z5MwHloRsESI6VE7xAHuxplvosVl0e-F_BzMt1MTBMX-2rEkogQzBj10PRm4Yxsjm5xZAWXtvUnjzdpYIk1AXtYMAAtM8AQpeNreIJ_OopHsgAMG7SHj2QyAd492L0U2x8VmmxYL5i6FwjbOGgbBcidqOrGd1iKgkNcF8_oj66aDkRiLWwcaAhXgBTotrqvzuK-VmE0fyR2gUa6aoql_wjhyeSA0t9127W3olBAf1FuPFKtZxUrZM122TZWS6wovNM4GW7xRgMPkz5nOB8FKUrjN6Ym-Gt5rx22TYjVx8.aU9mxNsCG6gw06Q4KrJ18kEGt47qvoIadjPrDvpnYFs&dib_tag=se&keywords=soft+toys&qid=1744126406&sr=8-22,https://m.media-amazon.com/images/I/7173JXCs7YL._AC_UL320_.jpg,167,4.0,4601,,False,Richy
"Webby Soft Animal Plush Elephant Toy 20cm, Blue & Grey",https://www.amazon.in/Webby-Soft-Animal-Plush-Elephant/dp/B08QX75XNZ/ref=sr_1_23?dib=eyJ2IjoiMSJ9.E6Z5MwHloRsESI6VE7xAHuxplvosVl0e-F_BzMt1MTBMX-2rEkogQzBj10PRm4Yxsjm5xZAWXtvUnjzdpYIk1AXtYMAAtM8AQpeNreIJ_OopHsgAMG7SHj2QyAd492L0U2x8VmmxYL5i6FwjbOGgbBcidqOrGd1iKgkNcF8_oj66aDkRiLWwcaAhXgBTotrqvzuK-VmE0fyR2gUa6aoql_wjhyeSA0t9127W3olBAf1FuPFKtZxUrZM122TZWS6wovNM4GW7xRgMPkz5nOB8FKUrjN6Ym-Gt5rx22TYjVx8.aU9mxNsCG6gw06Q4KrJ18kEGt47qvoIadjPrDvpnYFs&dib_tag=se&keywords=soft+toys&qid=1744126406&sr=8-23,https://m.media-amazon.com/images/I/711DBUR31bS._AC_UL320_.jpg,234,4.4,5872,Limited time deal,False,Webby
"SCOOBA Soft Plush Elephant Toy, 30cm, Cute Stuffed Animal for Kids, Birthday, Baby Shower or Christmas Gift",https://www.amazon.in/SCOOBA-Elephant-Stuffed-Birthday-Christmas/dp/B0D5BKT2TS/ref=sr_1_24?dib=eyJ2IjoiMSJ9.E6Z5MwHloRsESI6VE7xAHuxplvosVl0e-F_BzMt1MTBMX-2rEkogQzBj10PRm4Yxsjm5xZAWXtvUnjzdpYIk1AXtYMAAtM8AQpeNreIJ_OopHsgAMG7SHj2QyAd492L0U2x8VmmxYL5i6FwjbOGgbBcidqOrGd1iKgkNcF8_oj66aDkRiLWwcaAhXgBTotrqvzuK-VmE0fyR2gUa6aoql_wjhyeSA0t9127W3olBAf1FuPFKtZxUrZM122TZWS6wovNM4GW7xRgMPkz5nOB8FKUrjN6Ym-Gt5rx22TYjVx8.aU9mxNsCG6gw06Q4KrJ18kEGt47qvoIadjPrDvpnYFs&dib_tag=se&keywords=soft+toys&qid=1744126406&sr=8-24,https://m.media-amazon.com/images/I/51HERc9v1EL._AC_UL320_.jpg,474,4.2,19,Limited time deal,False,SCOOBA
"Storio Plushie Flying Unicorn | Soft Toys | Birthday Gift for Girls/Wife, Boyfriend/Husband, Soft Toys for Girls, Baby Toys - Sleeping Unicorn",https://www.amazon.in/Storio-Unicorn-Soft-Birthday-Boyfriend/dp/B0DJCYTFZS/ref=sr_1_26?dib=eyJ2IjoiMSJ9.E6Z5MwHloRsESI6VE7xAHuxplvosVl0e-F_BzMt1MTBMX-2rEkogQzBj10PRm4Yxsjm5xZAWXtvUnjzdpYIk1AXtYMAAtM8AQpeNreIJ_OopHsgAMG7SHj2QyAd492L0U2x8VmmxYL5i6FwjbOGgbBcidqOrGd1iKgkNcF8_oj66aDkRiLWwcaAhXgBTotrqvzuK-VmE0fyR2gUa6aoql_wjhyeSA0t9127W3olBAf1FuPFKtZxUrZM122TZWS6wovNM4GW7xRgMPkz5nOB8FKUrjN6Ym-Gt5rx22TYjVx8.aU9mxNsCG6gw06Q4KrJ18kEGt47qvoIadjPrDvpnYFs&dib_tag=se&keywords=soft+toys&qid=1744126406&sr=8-26,https://m.media-amazon.com/images/I/514auBIWNpL._AC_UL320_.jpg,298,4.2,1565,Best seller,False,Storio
"SIVIGE Blue Premium Soft Quality Lovable Huggable Soft Toy, Plush Teddy Bear, Elegant Soft Plush Toy for Babies, Great Birthday Gift for Girls&Boys for Valentine Special 30 CM",https://www.amazon.in/SIVIGE-Premium-Huggable-Birthday-Valentine/dp/B0DQ8HTRQC/ref=sr_1_27?dib=eyJ2IjoiMSJ9.E6Z5MwHloRsESI6VE7xAHuxplvosVl0e-F_BzMt1MTBMX-2rEkogQzBj10PRm4Yxsjm5xZAWXtvUnjzdpYIk1AXtYMAAtM8AQpeNreIJ_OopHsgAMG7SHj2QyAd492L0U2x8VmmxYL5i6FwjbOGgbBcidqOrGd1iKgkNcF8_oj66aDkRiLWwcaAhXgBTotrqvzuK-VmE0fyR2gUa6aoql_wjhyeSA0t9127W3olBAf1FuPFKtZxUrZM122TZWS6wovNM4GW7xRgMPkz5nOB8FKUrjN6Ym-Gt5rx22TYjVx8.aU9mxNsCG6gw06Q4KrJ18kEGt47qvoIadjPrDvpnYFs&dib_tag=se&keywords=soft+toys&qid=1744126406&sr=8-27,https://m.media-amazon.com/images/I/81I9nN02ajL._AC_UL320_.jpg,371,4.0,41,Limited time deal,False,SIVIGE
SCOOBA Super Soft Adorable cat Stuffed Toy Pack of 1 25cm,https://www.amazon.in/SCOOBA-Super-Soft-Adorable-Stuffed/dp/B0C3W2RVVF/ref=sr_1_28?dib=eyJ2IjoiMSJ9.E6Z5MwHloRsESI6VE7xAHuxplvosVl0e-F_BzMt1MTBMX-2rEkogQzBj10PRm4Yxsjm5xZAWXtvUnjzdpYIk1AXtYMAAtM8AQpeNreIJ_OopHsgAMG7SHj2QyAd492L0U2x8VmmxYL5i6FwjbOGgbBcidqOrGd1iKgkNcF8_oj66aDkRiLWwcaAhXgBTotrqvzuK-VmE0fyR2gUa6aoql_wjhyeSA0t9127W3olBAf1FuPFKtZxUrZM122TZWS6wovNM4GW7xRgMPkz5nOB8FKUrjN6Ym-Gt5rx22TYjVx8.aU9mxNsCG6gw06Q4KrJ18kEGt47qvoIadjPrDvpnYFs&dib_tag=se&keywords=soft+toys&qid=1744126406&sr=8-28,https://m.media-amazon.com/images/I/51UmNYyWxZL._AC_UL320_.jpg,379,4.2,65,Limited time deal,False,SCOOBA
"Amazon Brand - Jam & Honey Dinosaur, Cute, Plush/Soft Toy, Suitable for Boys, Girls and Kids, Super-Soft, Safe, 34 cm (Green & Yellow)",https://www.amazon.in/Amazon-Brand-Dinosaur-Suitable-Super-Soft/dp/B0CCD1SVCC/ref=sr_1_29?dib=eyJ2IjoiMSJ9.E6Z5MwHloRsESI6VE7xAHuxplvosVl0e-F_BzMt1MTBMX-2rEkogQzBj10PRm4Yxsjm5xZAWXtvUnjzdpYIk1AXtYMAAtM8AQpeNreIJ_OopHsgAMG7SHj2QyAd492L0U2x8VmmxYL5i6FwjbOGgbBcidqOrGd1iKgkNcF8_oj66aDkRiLWwcaAhXgBTotrqvzuK-VmE0fyR2gUa6aoql_wjhyeSA0t9127W3olBAf1FuPFKtZxUrZM122TZWS6wovNM4GW7xRgMPkz5nOB8FKUrjN6Ym-Gt5rx22TYjVx8.aU9mxNsCG6gw06Q4KrJ18kEGt47qvoIadjPrDvpnYFs&dib_tag=se&keywords=soft+toys&qid=1744126406&sr=8-29,https://m.media-amazon.com/images/I/81c5rU7uWgL._AC_UL320_.jpg,225,4.4,13137,Ends in 02:41:16,False,Amazon
"Mini Steps Ultra-Soft Washable Plush Toy for Kids â€“ Safe & Non-Toxic Stuffed Animal, Cuddly Teddy Bear, Best Gift for Babies & Toddlers, Cute & Durable Soft Toy for Boys & Girls - Grey Penguin",https://www.amazon.in/Mini-Steps-Ultra-Soft-Washable-Plush/dp/B0DWK4HF93/ref=sr_1_30?dib=eyJ2IjoiMSJ9.E6Z5MwHloRsESI6VE7xAHuxplvosVl0e-F_BzMt1MTBMX-2rEkogQzBj10PRm4Yxsjm5xZAWXtvUnjzdpYIk1AXtYMAAtM8AQpeNreIJ_OopHsgAMG7SHj2QyAd492L0U2x8VmmxYL5i6FwjbOGgbBcidqOrGd1iKgkNcF8_oj66aDkRiLWwcaAhXgBTotrqvzuK-VmE0fyR2gUa6aoql_wjhyeSA0t9127W3olBAf1FuPFKtZxUrZM122TZWS6wovNM4GW7xRgMPkz5nOB8FKUrjN6Ym-Gt5rx22TYjVx8.aU9mxNsCG6gw06Q4KrJ18kEGt47qvoIadjPrDvpnYFs&dib_tag=se&keywords=soft+toys&qid=1744126406&sr=8-30,https://m.media-amazon.com/images/I/51756ASOerL._AC_UL320_.jpg,199,2.5,2,,False,Mini
Storio Toy Cute Rainbow Colored Huggable Teddy Bear | 30 cm | Plushie Soft Toys for Kids | Plush Soft Toys for Baby Boys and Girls Kids - Teddy | Best Valentine Gift,https://www.amazon.in/Storio-Rainbow-Colored-Huggable-Plushie/dp/B0CQG8TQYS/ref=sr_1_31?dib=eyJ2IjoiMSJ9.E6Z5MwHloRsESI6VE7xAHuxplvosVl0e-F_BzMt1MTBMX-2rEkogQzBj10PRm4Yxsjm5xZAWXtvUnjzdpYIk1AXtYMAAtM8AQpeNreIJ_OopHsgAMG7SHj2QyAd492L0U2x8VmmxYL5i6FwjbOGgbBcidqOrGd1iKgkNcF8_oj66aDkRiLWwcaAhXgBTotrqvzuK-VmE0fyR2gUa6aoql_wjhyeSA0t9127W3olBAf1FuPFKtZxUrZM122TZWS6wovNM4GW7xRgMPkz5nOB8FKUrjN6Ym-Gt5rx22TYjVx8.aU9mxNsCG6gw06Q4KrJ18kEGt47qvoIadjPrDvpnYFs&dib_tag=se&keywords=soft+toys&qid=1744126406&sr=8-31,https://m.media-amazon.com/images/I/61paoQad7gL._AC_UL320_.jpg,328,4.2,1565,Best seller,False,Storio
"DearJoy Big Size Fibre Filled Stuffed Animal Elephant Soft Toy for Kids of Plush Hugging Soft Toy for Kids boy Girl Birthday Gift (3 Years+, 60 cm, Grey Color)",https://www.amazon.in/DearJoy-Baby-Elephant-Pillow-Grey/dp/B075VTNC7X/ref=sr_1_32?dib=eyJ2IjoiMSJ9.E6Z5MwHloRsESI6VE7xAHuxplvosVl0e-F_BzMt1MTBMX-2rEkogQzBj10PRm4Yxsjm5xZAWXtvUnjzdpYIk1AXtYMAAtM8AQpeNreIJ_OopHsgAMG7SHj2QyAd492L0U2x8VmmxYL5i6FwjbOGgbBcidqOrGd1iKgkNcF8_oj66aDkRiLWwcaAhXgBTotrqvzuK-VmE0fyR2gUa6aoql_wjhyeSA0t9127W3olBAf1FuPFKtZxUrZM122TZWS6wovNM4GW7xRgMPkz5nOB8FKUrjN6Ym-Gt5rx22TYjVx8.aU9mxNsCG6gw06Q4KrJ18kEGt47qvoIadjPrDvpnYFs&dib_tag=se&keywords=soft+toys&qid=1744126406&sr=8-32,https://m.media-amazon.com/images/I/61QFNvJ8ATL._AC_UL320_.jpg,560,4.3,8878,Best seller,False,DearJoy
Webby Plush Cute Hamster Soft Toy Ragdoll Doll Big Pillow Girl Sleeping Bed Cute Girl Birthday Gift for Kids 35 cm,https://www.amazon.in/Webby-Hamster-Ragdoll-Sleeping-Birthday/dp/B09P3RV7XT/ref=sr_1_33?dib=eyJ2IjoiMSJ9.E6Z5MwHloRsESI6VE7xAHuxplvosVl0e-F_BzMt1MTBMX-2rEkogQzBj10PRm4Yxsjm5xZAWXtvUnjzdpYIk1AXtYMAAtM8AQpeNreIJ_OopHsgAMG7SHj2QyAd492L0U2x8VmmxYL5i6FwjbOGgbBcidqOrGd1iKgkNcF8_oj66aDkRiLWwcaAhXgBTotrqvzuK-VmE0fyR2gUa6aoql_wjhyeSA0t9127W3olBAf1FuPFKtZxUrZM122TZWS6wovNM4GW7xRgMPkz5nOB8FKUrjN6Ym-Gt5rx22TYjVx8.aU9mxNsCG6gw06Q4KrJ18kEGt47qvoIadjPrDvpnYFs&dib_tag=se&keywords=soft+toys&qid=1744126406&sr=8-33,https://m.media-amazon.com/images/I/6179zIXza+L._AC_UL320_.jpg,849,4.2,379,Limited time deal,False,Webby
"HUG 'n' FEEL SOFT TOYS Unicorn, Soft Toy, Baby Toys, Kids Toy, Soft Toy, Toy for Girl, Birthday Gift for Girl Boys, Toy Gift for Girls, Kids Toys for Boys Girl, Toys Gift Items, (30cm, Pink)",https://www.amazon.in/HUG-FEEL-SOFT-TOYS-Birthday/dp/B08X3PCGKS/ref=sr_1_34?dib=eyJ2IjoiMSJ9.E6Z5MwHloRsESI6VE7xAHuxplvosVl0e-F_BzMt1MTBMX-2rEkogQzBj10PRm4Yxsjm5xZAWXtvUnjzdpYIk1AXtYMAAtM8AQpeNreIJ_OopHsgAMG7SHj2QyAd492L0U2x8VmmxYL5i6FwjbOGgbBcidqOrGd1iKgkNcF8_oj66aDkRiLWwcaAhXgBTotrqvzuK-VmE0fyR2gUa6aoql_wjhyeSA0t9127W3olBAf1FuPFKtZxUrZM122TZWS6wovNM4GW7xRgMPkz5nOB8FKUrjN6Ym-Gt5rx22TYjVx8.aU9mxNsCG6gw06Q4KrJ18kEGt47qvoIadjPrDvpnYFs&dib_tag=se&keywords=soft+toys&qid=1744126406&sr=8-34,https://m.media-amazon.com/images/I/61junWYBK0L._AC_UL320_.jpg,175,4.0,34090,Limited time deal,False,HUG
SCOOBA Milk Cow Soft Toy 30cm Super Soft Fabric Small,https://www.amazon.in/SCOOBA-Milk-Soft-Super-Fabric/dp/B0B1X547XJ/ref=sr_1_35?dib=eyJ2IjoiMSJ9.E6Z5MwHloRsESI6VE7xAHuxplvosVl0e-F_BzMt1MTBMX-2rEkogQzBj10PRm4Yxsjm5xZAWXtvUnjzdpYIk1AXtYMAAtM8AQpeNreIJ_OopHsgAMG7SHj2QyAd492L0U2x8VmmxYL5i6FwjbOGgbBcidqOrGd1iKgkNcF8_oj66aDkRiLWwcaAhXgBTotrqvzuK-VmE0fyR2gUa6aoql_wjhyeSA0t9127W3olBAf1FuPFKtZxUrZM122TZWS6wovNM4GW7xRgMPkz5nOB8FKUrjN6Ym-Gt5rx22TYjVx8.aU9mxNsCG6gw06Q4KrJ18kEGt47qvoIadjPrDvpnYFs&dib_tag=se&keywords=soft+toys&qid=1744126406&sr=8-35,https://m.media-amazon.com/images/I/51xhMkvowCL._AC_UL320_.jpg,379,4.2,68,Limited time deal,False,SCOOBA
Webby Plush Standing Giraffe Soft Toys for Kids 30 CM (Yellow),https://www.amazon.in/Webby-Plush-Standing-Giraffe-Yellow/dp/B0CZTVNF73/ref=sr_1_36?dib=eyJ2IjoiMSJ9.E6Z5MwHloRsESI6VE7xAHuxplvosVl0e-F_BzMt1MTBMX-2rEkogQzBj10PRm4Yxsjm5xZAWXtvUnjzdpYIk1AXtYMAAtM8AQpeNreIJ_OopHsgAMG7SHj2QyAd492L0U2x8VmmxYL5i6FwjbOGgbBcidqOrGd1iKgkNcF8_oj66aDkRiLWwcaAhXgBTotrqvzuK-VmE0fyR2gUa6aoql_wjhyeSA0t9127W3olBAf1FuPFKtZxUrZM122TZWS6wovNM4GW7xRgMPkz5nOB8FKUrjN6Ym-Gt5rx22TYjVx8.aU9mxNsCG6gw06Q4KrJ18kEGt47qvoIadjPrDvpnYFs&dib_tag=se&keywords=soft+toys&qid=1744126406&sr=8-36,https://m.media-amazon.com/images/I/71e75GSCrKL._AC_UL320_.jpg,329,4.3,360,Limited time deal,False,Webby
SCOOBA Baby Penguin Soft Toy 25 cm (Strawberry),https://www.amazon.in/SCOOBA-Baby-Penguin-Soft-Strawberry/dp/B0DWXJ5JQ4/ref=sr_1_37?dib=eyJ2IjoiMSJ9.E6Z5MwHloRsESI6VE7xAHuxplvosVl0e-F_BzMt1MTBMX-2rEkogQzBj10PRm4Yxsjm5xZAWXtvUnjzdpYIk1AXtYMAAtM8AQpeNreIJ_OopHsgAMG7SHj2QyAd492L0U2x8VmmxYL5i6FwjbOGgbBcidqOrGd1iKgkNcF8_oj66aDkRiLWwcaAhXgBTotrqvzuK-VmE0fyR2gUa6aoql_wjhyeSA0t9127W3olBAf1FuPFKtZxUrZM122TZWS6wovNM4GW7xRgMPkz5nOB8FKUrjN6Ym-Gt5rx22TYjVx8.aU9mxNsCG6gw06Q4KrJ18kEGt47qvoIadjPrDvpnYFs&dib_tag=se&keywords=soft+toys&qid=1744126406&sr=8-37,https://m.media-amazon.com/images/I/51Tj8KMIlvL._AC_UL320_.jpg,379,4.3,651,Limited time deal,False,SCOOBA
Storio Toy Shark Plushie Reversible Soft Toys for Kids | Plush Soft Toys for Baby Boys and Girls| Best Gift | Shark Soft Toy for Kids,https://www.amazon.in/Storio-Shark-Plushie-Reversible-Plush/dp/B0D6YZJKZ2/ref=sr_1_38?dib=eyJ2IjoiMSJ9.E6Z5MwHloRsESI6VE7xAHuxplvosVl0e-F_BzMt1MTBMX-2rEkogQzBj10PRm4Yxsjm5xZAWXtvUnjzdpYIk1AXtYMAAtM8AQpeNreIJ_OopHsgAMG7SHj2QyAd492L0U2x8VmmxYL5i6FwjbOGgbBcidqOrGd1iKgkNcF8_oj66aDkRiLWwcaAhXgBTotrqvzuK-VmE0fyR2gUa6aoql_wjhyeSA0t9127W3olBAf1FuPFKtZxUrZM122TZWS6wovNM4GW7xRgMPkz5nOB8FKUrjN6Ym-Gt5rx22TYjVx8.aU9mxNsCG6gw06Q4KrJ18kEGt47qvoIadjPrDvpnYFs&dib_tag=se&keywords=soft+toys&qid=1744126406&sr=8-38,https://m.media-amazon.com/images/I/51HH07ObfkL._AC_UL320_.jpg,188,4.2,1565,Best seller,False,Storio
"Babique Panda Bamboo Stuffed Animals Plush Toy, Bamboo Tube Panda Pillow Stuffed Panda Bear Plushies Panda Doll Gifts for Boys Girls",https://www.amazon.in/Babique-Bamboo-Stuffed-Animals-Plushies/dp/B0D12N75XV/ref=sr_1_39?dib=eyJ2IjoiMSJ9.E6Z5MwHloRsESI6VE7xAHuxplvosVl0e-F_BzMt1MTBMX-2rEkogQzBj10PRm4Yxsjm5xZAWXtvUnjzdpYIk1AXtYMAAtM8AQpeNreIJ_OopHsgAMG7SHj2QyAd492L0U2x8VmmxYL5i6FwjbOGgbBcidqOrGd1iKgkNcF8_oj66aDkRiLWwcaAhXgBTotrqvzuK-VmE0fyR2gUa6aoql_wjhyeSA0t9127W3olBAf1FuPFKtZxUrZM122TZWS6wovNM4GW7xRgMPkz5nOB8FKUrjN6Ym-Gt5rx22TYjVx8.aU9mxNsCG6gw06Q4KrJ18kEGt47qvoIadjPrDvpnYFs&dib_tag=se&keywords=soft+toys&qid=1744126406&sr=8-39,https://m.media-amazon.com/images/I/71TkK-21reL._AC_UL320_.jpg,399,4.4,603,Limited time deal,False,Babique
"Future Shop Pack of 4 Elegant Soft Toys Combo Set Appu Elephant (25 cm), Penguin(20 cm), White Rabbit(28 cm), Setting Dog Mini (25cm) for Kids.",https://www.amazon.in/Future-Shop-Elegant-Elephant-Penguin/dp/B0DSGCKTTT/ref=sr_1_40?dib=eyJ2IjoiMSJ9.E6Z5MwHloRsESI6VE7xAHuxplvosVl0e-F_BzMt1MTBMX-2rEkogQzBj10PRm4Yxsjm5xZAWXtvUnjzdpYIk1AXtYMAAtM8AQpeNreIJ_OopHsgAMG7SHj2QyAd492L0U2x8VmmxYL5i6FwjbOGgbBcidqOrGd1iKgkNcF8_oj66aDkRiLWwcaAhXgBTotrqvzuK-VmE0fyR2gUa6aoql_wjhyeSA0t9127W3olBAf1FuPFKtZxUrZM122TZWS6wovNM4GW7xRgMPkz5nOB8FKUrjN6Ym-Gt5rx22TYjVx8.aU9mxNsCG6gw06Q4KrJ18kEGt47qvoIadjPrDvpnYFs&dib_tag=se&keywords=soft+toys&qid=1744126406&sr=8-40,https://m.media-amazon.com/images/I/31KoGjh7alL._AC_UL320_.jpg,449,3.2,17,,False,Future
SCOOBA Baby Penguin Soft Toy 25 cm,https://www.amazon.in/SCOOBA-Baby-Penguin-Soft-Toy/dp/B09TKYGSBJ/ref=sr_1_41?dib=eyJ2IjoiMSJ9.E6Z5MwHloRsESI6VE7xAHuxplvosVl0e-F_BzMt1MTBMX-2rEkogQzBj10PRm4Yxsjm5xZAWXtvUnjzdpYIk1AXtYMAAtM8AQpeNreIJ_OopHsgAMG7SHj2QyAd492L0U2x8VmmxYL5i6FwjbOGgbBcidqOrGd1iKgkNcF8_oj66aDkRiLWwcaAhXgBTotrqvzuK-VmE0fyR2gUa6aoql_wjhyeSA0t9127W3olBAf1FuPFKtZxUrZM122TZWS6wovNM4GW7xRgMPkz5nOB8FKUrjN6Ym-Gt5rx22TYjVx8.aU9mxNsCG6gw06Q4KrJ18kEGt47qvoIadjPrDvpnYFs&dib_tag=se&keywords=soft+toys&qid=1744126406&sr=8-41,https://m.media-amazon.com/images/I/51+1Bx773wL._AC_UL320_.jpg,379,4.3,651,Limited time deal,False,SCOOBA
"Babique Plush Soft Toy Cute Kids Animal Home Decor Boys/Girls/Baby (10 cm, Rattle Ball)",https://www.amazon.in/Babique-Ball-Rattle-Sound-Birthday/dp/B08PVYDSX1/ref=sr_1_42?dib=eyJ2IjoiMSJ9.E6Z5MwHloRsESI6VE7xAHuxplvosVl0e-F_BzMt1MTBMX-2rEkogQzBj10PRm4Yxsjm5xZAWXtvUnjzdpYIk1AXtYMAAtM8AQpeNreIJ_OopHsgAMG7SHj2QyAd492L0U2x8VmmxYL5i6FwjbOGgbBcidqOrGd1iKgkNcF8_oj66aDkRiLWwcaAhXgBTotrqvzuK-VmE0fyR2gUa6aoql_wjhyeSA0t9127W3olBAf1FuPFKtZxUrZM122TZWS6wovNM4GW7xRgMPkz5nOB8FKUrjN6Ym-Gt5rx22TYjVx8.aU9mxNsCG6gw06Q4KrJ18kEGt47qvoIadjPrDvpnYFs&dib_tag=se&keywords=soft+toys&qid=1744126406&sr=8-42,https://m.media-amazon.com/images/I/61JLJWkVeQL._AC_UL320_.jpg,110,3.9,2948,Limited time deal,False,Babique
"Storio Soft Animal Plush Elephant Toy 20cm, Grey and Blue",https://www.amazon.in/Storio-Soft-Animal-Elephant-Toy/dp/B0CDM2RXDS/ref=sr_1_43?dib=eyJ2IjoiMSJ9.E6Z5MwHloRsESI6VE7xAHuxplvosVl0e-F_BzMt1MTBMX-2rEkogQzBj10PRm4Yxsjm5xZAWXtvUnjzdpYIk1AXtYMAAtM8AQpeNreIJ_OopHsgAMG7SHj2QyAd492L0U2x8VmmxYL5i6FwjbOGgbBcidqOrGd1iKgkNcF8_oj66aDkRiLWwcaAhXgBTotrqvzuK-VmE0fyR2gUa6aoql_wjhyeSA0t9127W3olBAf1FuPFKtZxUrZM122TZWS6wovNM4GW7xRgMPkz5nOB8FKUrjN6Ym-Gt5rx22TYjVx8.aU9mxNsCG6gw06Q4KrJ18kEGt47qvoIadjPrDvpnYFs&dib_tag=se&keywords=soft+toys&qid=1744126406&sr=8-43,https://m.media-amazon.com/images/I/617Qg3fOvQL._AC_UL320_.jpg,199,4.2,1565,Best seller,False,Storio
YBN Cute Panda Plush Toy in Bamboo - Teddy Bear Kawaii - Birthday Gift - Soft Stuffed Animal Toy - Bunny (Green),https://www.amazon.in/YBN-Cute-Panda-Plush-Bamboo/dp/B0DJ7VPN1Y/ref=sr_1_44?dib=eyJ2IjoiMSJ9.E6Z5MwHloRsESI6VE7xAHuxplvosVl0e-F_BzMt1MTBMX-2rEkogQzBj10PRm4Yxsjm5xZAWXtvUnjzdpYIk1AXtYMAAtM8AQpeNreIJ_OopHsgAMG7SHj2QyAd492L0U2x8VmmxYL5i6FwjbOGgbBcidqOrGd1iKgkNcF8_oj66aDkRiLWwcaAhXgBTotrqvzuK-VmE0fyR2gUa6aoql_wjhyeSA0t9127W3olBAf1FuPFKtZxUrZM122TZWS6wovNM4GW7xRgMPkz5nOB8FKUrjN6Ym-Gt5rx22TYjVx8.aU9mxNsCG6gw06Q4KrJ18kEGt47qvoIadjPrDvpnYFs&dib_tag=se&keywords=soft+toys&qid=1744126406&sr=8-44,https://m.media-amazon.com/images/I/41Ch6j3NxYL._AC_UL320_.jpg,189,3.5,29,,False,YBN
Storio Toy Cute Penguin Plushie Soft Toys for Kids | Plush Soft Toys for Baby Boys and Girls | Bird Soft Toy for Kids -23cm,https://www.amazon.in/Storio-Baby-Toys-Play-Kit/dp/B09CTQXHJN/ref=sr_1_45?dib=eyJ2IjoiMSJ9.E6Z5MwHloRsESI6VE7xAHuxplvosVl0e-F_BzMt1MTBMX-2rEkogQzBj10PRm4Yxsjm5xZAWXtvUnjzdpYIk1AXtYMAAtM8AQpeNreIJ_OopHsgAMG7SHj2QyAd492L0U2x8VmmxYL5i6FwjbOGgbBcidqOrGd1iKgkNcF8_oj66aDkRiLWwcaAhXgBTotrqvzuK-VmE0fyR2gUa6aoql_wjhyeSA0t9127W3olBAf1FuPFKtZxUrZM122TZWS6wovNM4GW7xRgMPkz5nOB8FKUrjN6Ym-Gt5rx22TYjVx8.aU9mxNsCG6gw06Q4KrJ18kEGt47qvoIadjPrDvpnYFs&dib_tag=se&keywords=soft+toys&qid=1744126406&sr=8-45,https://m.media-amazon.com/images/I/51i6bQTaMHL._AC_UL320_.jpg,199,4.3,144,,False,Storio
"Amazon Brand - Jam & Honey Teddy Bear, Cute, Soft Toy (33 Cm, Pink), Great Birthday Gift",https://www.amazon.in/Amazon-Brand-Jam-Honey-Teddy/dp/B083F3FC31/ref=sr_1_46?dib=eyJ2IjoiMSJ9.E6Z5MwHloRsESI6VE7xAHuxplvosVl0e-F_BzMt1MTBMX-2rEkogQzBj10PRm4Yxsjm5xZAWXtvUnjzdpYIk1AXtYMAAtM8AQpeNreIJ_OopHsgAMG7SHj2QyAd492L0U2x8VmmxYL5i6FwjbOGgbBcidqOrGd1iKgkNcF8_oj66aDkRiLWwcaAhXgBTotrqvzuK-VmE0fyR2gUa6aoql_wjhyeSA0t9127W3olBAf1FuPFKtZxUrZM122TZWS6wovNM4GW7xRgMPkz5nOB8FKUrjN6Ym-Gt5rx22TYjVx8.aU9mxNsCG6gw06Q4KrJ18kEGt47qvoIadjPrDvpnYFs&dib_tag=se&keywords=soft+toys&qid=1744126406&sr=8-46,https://m.media-amazon.com/images/I/81A+9JEi5zL._AC_UL320_.jpg,335,4.4,13137,Limited time deal,False,Amazon
Babique Cute Pink Rabbit soft Toys 26 cm (pink),https://www.amazon.in/Babique-Richy-Toys-Plush-Rabbit/dp/B01FC8RSAE/ref=sr_1_47?dib=eyJ2IjoiMSJ9.E6Z5MwHloRsESI6VE7xAHuxplvosVl0e-F_BzMt1MTBMX-2rEkogQzBj10PRm4Yxsjm5xZAWXtvUnjzdpYIk1AXtYMAAtM8AQpeNreIJ_OopHsgAMG7SHj2QyAd492L0U2x8VmmxYL5i6FwjbOGgbBcidqOrGd1iKgkNcF8_oj66aDkRiLWwcaAhXgBTotrqvzuK-VmE0fyR2gUa6aoql_wjhyeSA0t9127W3olBAf1FuPFKtZxUrZM122TZWS6wovNM4GW7xRgMPkz5nOB8FKUrjN6Ym-Gt5rx22TYjVx8.aU9mxNsCG6gw06Q4KrJ18kEGt47qvoIadjPrDvpnYFs&dib_tag=se&keywords=soft+toys&qid=1744126406&sr=8-47,https://m.media-amazon.com/images/I/513NwwpIBqL._AC_UL320_.jpg,179,4.1,832,Limited time deal,False,Babique
"Niku Penguin (Pink, 25cm) | Stuffed Soft Toy Teddy Bear for Girls, Boys and Kids, Safe, Return Birthday Gift for Girls Valentines",https://www.amazon.in/Niku-Penguin-Stuffed-Birthday-Valentines/dp/B0DFVHTV7B/ref=sr_1_48?dib=eyJ2IjoiMSJ9.E6Z5MwHloRsESI6VE7xAHuxplvosVl0e-F_BzMt1MTBMX-2rEkogQzBj10PRm4Yxsjm5xZAWXtvUnjzdpYIk1AXtYMAAtM8AQpeNreIJ_OopHsgAMG7SHj2QyAd492L0U2x8VmmxYL5i6FwjbOGgbBcidqOrGd1iKgkNcF8_oj66aDkRiLWwcaAhXgBTotrqvzuK-VmE0fyR2gUa6aoql_wjhyeSA0t9127W3olBAf1FuPFKtZxUrZM122TZWS6wovNM4GW7xRgMPkz5nOB8FKUrjN6Ym-Gt5rx22TYjVx8.aU9mxNsCG6gw06Q4KrJ18kEGt47qvoIadjPrDvpnYFs&dib_tag=se&keywords=soft+toys&qid=1744126406&sr=8-48,https://m.media-amazon.com/images/I/513TfTuul7L._AC_UL320_.jpg,322,4.1,622,,False,Niku
